{
  "manifest.json": 1704957550295,
  "Component.js": 1704951826527,
  "model/models.js": 1704951826531,
  "controller/View1.controller.js": 1704951826539,
  "controller/App.controller.js": 1704951826535,
  "i18n/i18n.properties": 1704951847347,
  "Component-preload.js": 1704957550411,
  "controller/View1-dbg.controller.js": 1704951826539,
  "model/models-dbg.js": 1704951826531,
  "controller/App-dbg.controller.js": 1704951826535,
  "Component-dbg.js": 1704951826527,
  "view/View1.view.xml": 1704954073288,
  "view/App.view.xml": 1704951826535,
  "css/style.css": 1704951826535,
  "index.html": 1704951826527
}